<?xml version="1.0" encoding="UTF-8"?>
<project-private xmlns="http://www.netbeans.org/ns/project-private/1">
    <editor-bookmarks xmlns="http://www.netbeans.org/ns/editor-bookmarks/2" lastBookmarkId="0"/>
    <open-files xmlns="http://www.netbeans.org/ns/projectui-open-files/2">
        <group>
            <file>file:/C:/wamp/www/gov.uk/public/scss/index.scss</file>
            <file>file:/C:/wamp/www/gov.uk/module/Application/view/layout/layout.phtml</file>
        </group>
    </open-files>
</project-private>
